Country,Total Cases,New Cases,Total Deaths,New Deaths
North America,"128,176,011",0.0,"1,645,417",0.0
Asia,"220,733,449",67.0,"1,549,698",0.0
Europe,"249,987,374",58.0,"2,071,024",1.0
South America,"68,987,851",0.0,"1,360,616",0.0
Oceania,"14,644,324",0.0,"30,358",0.0
Africa,"12,837,874",0.0,"258,830",0.0
Antarctica,721,0.0,15,0.0
USA,"108,429,339",0.0,"1,175,172",0.0
India,"44,998,162",0.0,"531,930",0.0
France,"40,138,560",0.0,"167,642",0.0
Germany,"38,428,685",0.0,"174,352",0.0
Brazil,"37,789,040",0.0,"705,313",0.0
S. Korea,"34,571,873",0.0,"35,934",0.0
Japan,"33,803,572",0.0,"74,694",0.0
Italy,"26,007,789",0.0,"191,469",0.0
UK,"24,688,073",0.0,"228,924",0.0
Russia,"23,003,453",0.0,"400,009",0.0
Turkey,"17,232,066",0.0,"102,174",0.0
Spain,"13,914,811",0.0,"121,760",0.0
Australia,"11,764,239",0.0,"22,727",0.0
Vietnam,"11,623,420",27.0,"43,206",0.0
Taiwan,"10,241,520",0.0,"19,005",0.0
Argentina,"10,070,247",0.0,"130,608",0.0
Netherlands,"8,617,412",0.0,"22,992",0.0
Mexico,"7,649,199",0.0,"334,472",0.0
Iran,"7,615,822",0.0,"146,364",0.0
Indonesia,"6,813,378",0.0,"161,918",0.0
Poland,"6,520,651",15.0,"119,644",0.0
Colombia,"6,378,000",0.0,"142,961",0.0
Greece,"6,101,379",0.0,"37,089",0.0
Austria,"6,081,287",0.0,"22,542",0.0
Portugal,"5,610,180",0.0,"27,247",0.0
Ukraine,"5,557,995",0.0,"112,418",0.0
Chile,"5,292,252",0.0,"64,497",0.0
Malaysia,"5,124,481",0.0,"37,167",0.0
Israel,"4,835,954",0.0,"12,651",0.0
Belgium,"4,812,396",0.0,"34,376",0.0
DPRK,"4,772,813",0.0,74,0.0
Thailand,"4,756,837",0.0,"34,468",0.0
Canada,"4,716,000",0.0,"53,541",0.0
Czechia,"4,647,142",28.0,"42,831",1.0
Peru,"4,519,976",0.0,"222,161",0.0
Switzerland,"4,410,460",0.0,"14,452",0.0
Philippines,"4,174,101",0.0,"66,643",0.0
South Africa,"4,076,463",0.0,"102,595",0.0
Romania,"3,429,120",0.0,"68,296",0.0
Denmark,"3,183,756",0.0,"8,814",0.0
Hong Kong,"2,919,340",0.0,"14,234",0.0
Sweden,"2,716,246",0.0,"24,821",0.0
Singapore,"2,560,028",0.0,"1,875",0.0
Serbia,"2,549,375",0.0,"18,057",0.0
Iraq,"2,465,545",0.0,"25,375",0.0
New Zealand,"2,461,379",0.0,"4,775",0.0
Hungary,"2,204,090",0.0,"48,881",0.0
Bangladesh,"2,045,517",0.0,"29,477",0.0
Slovakia,"1,867,323",0.0,"21,167",0.0
Georgia,"1,855,289",0.0,"17,132",0.0
Jordan,"1,746,997",0.0,"14,122",0.0
Ireland,"1,719,064",0.0,"9,200",0.0
Pakistan,"1,581,770",0.0,"30,664",0.0
Norway,"1,487,845",0.0,"5,641",0.0
Finland,"1,485,088",0.0,"10,201",0.0
Kazakhstan,"1,411,831",0.0,"13,848",0.0
Slovenia,"1,344,783",15.0,"7,100",0.0
Lithuania,"1,325,660",0.0,"9,704",0.0
Bulgaria,"1,311,976",0.0,"38,458",0.0
Guatemala,"1,277,031",0.0,"20,257",0.0
Morocco,"1,276,176",0.0,"16,297",0.0
Croatia,"1,274,834",0.0,"18,318",0.0
Lebanon,"1,239,904",0.0,"10,947",0.0
Costa Rica,"1,238,883",0.0,"9,428",0.0
Bolivia,"1,207,206",0.0,"22,399",0.0
Tunisia,"1,153,361",0.0,"29,423",0.0
Cuba,"1,115,125",0.0,"8,530",0.0
Ecuador,"1,069,114",0.0,"36,042",0.0
UAE,"1,067,030",0.0,"2,349",0.0
Panama,"1,048,242",0.0,"8,660",0.0
Uruguay,"1,038,774",0.0,"7,634",0.0
Mongolia,"1,010,975",0.0,"2,179",0.0
Nepal,"1,003,434",0.0,"12,031",0.0
Belarus,"994,037",0.0,"7,118",0.0
Latvia,"978,499",0.0,"6,392",0.0
Saudi Arabia,"841,469",0.0,"9,646",0.0
Azerbaijan,"832,438",0.0,"10,302",0.0
Paraguay,"814,603",0.0,"20,018",0.0
Bahrain,"727,660",0.0,"1,573",0.0
Sri Lanka,"672,583",0.0,"16,882",0.0
Dominican Republic,"667,048",0.0,"4,384",0.0
Kuwait,"666,206",0.0,"2,570",0.0
Cyprus,"660,854",0.0,"1,364",0.0
Myanmar,"641,225",1.0,"19,495",0.0
Moldova,"621,441",0.0,"12,126",0.0
Palestine,"621,008",0.0,"5,404",0.0
Estonia,"619,690",0.0,"3,001",0.0
Venezuela,"552,695",0.0,"5,856",0.0
Egypt,"516,023",0.0,"24,613",0.0
Qatar,"514,524",0.0,690,0.0
Libya,"507,270",0.0,"6,437",0.0
Ethiopia,"501,032",0.0,"7,574",0.0
Réunion,"486,588",0.0,921,0.0
Honduras,"474,078",0.0,"11,165",0.0
Armenia,"449,357",0.0,"8,751",0.0
Bosnia and Herzegovina,"403,091",0.0,"16,352",0.0
Oman,"399,449",0.0,"4,628",0.0
Zambia,"349,287",0.0,"4,069",0.0
North Macedonia,"348,411",0.0,"9,941",0.0
Kenya,"343,955",0.0,"5,689",0.0
Albania,"334,726",0.0,"3,602",0.0
Botswana,"330,256",0.0,"2,801",0.0
Luxembourg,"319,959",0.0,"1,232",0.0
Brunei,"310,522",0.0,225,0.0
Montenegro,"292,709",0.0,"2,828",0.0
Algeria,"271,852",0.0,"6,881",0.0
Nigeria,"266,675",0.0,"3,155",0.0
Zimbabwe,"265,742",0.0,"5,718",0.0
Uzbekistan,"253,662",0.0,"1,637",0.0
Mozambique,"233,417",0.0,"2,243",0.0
Martinique,"230,354",0.0,"1,102",0.0
Afghanistan,"225,798",37.0,"7,946",0.0
Laos,"218,855",2.0,758,0.0
Iceland,"209,191",0.0,229,0.0
Kyrgyzstan,"206,897",0.0,"2,991",0.0
Guadeloupe,"203,235",0.0,"1,021",0.0
El Salvador,"201,785",0.0,"4,230",0.0
Trinidad and Tobago,"191,496",0.0,"4,390",0.0
Maldives,"186,694",0.0,316,0.0
Namibia,"171,998",0.0,"4,098",0.0
Uganda,"171,829",0.0,"3,632",0.0
Ghana,"171,740",0.0,"1,462",0.0
Jamaica,"156,410",0.0,"3,655",0.0
Cambodia,"138,940",0.0,"3,056",0.0
Rwanda,"133,194",0.0,"1,468",0.0
Cameroon,"125,090",0.0,"1,974",0.0
Malta,"120,296",0.0,861,0.0
Barbados,"109,503",0.0,620,0.0
Angola,"105,384",0.0,"1,934",0.0
Channel Islands,"101,717",0.0,228,0.0
French Guiana,"98,041",0.0,420,0.0
DRC,"97,697",0.0,"1,468",0.0
Senegal,"89,014",0.0,"1,971",0.0
Malawi,"88,908",0.0,"2,686",0.0
Ivory Coast,"88,338",0.0,835,0.0
Suriname,"82,588",0.0,"1,408",0.0
New Caledonia,"79,922",0.0,314,0.0
French Polynesia,"78,623",0.0,649,0.0
Eswatini,"74,882",0.0,"1,427",0.0
Guyana,"73,385",0.0,"1,299",0.0
Belize,"70,782",0.0,688,0.0
Fiji,"69,117",0.0,885,0.0
Madagascar,"68,330",0.0,"1,425",0.0
Cabo Verde,"64,238",0.0,415,0.0
Sudan,"63,993",0.0,"5,046",0.0
Mauritania,"63,715",0.0,997,0.0
Bhutan,"62,697",0.0,21,0.0
Syria,"57,743",0.0,"3,165",0.0
Burundi,"54,241",0.0,38,0.0
Seychelles,"50,937",0.0,172,0.0
Gabon,"48,992",0.0,307,0.0
Andorra,"48,015",0.0,165,0.0
Papua New Guinea,"46,864",0.0,670,0.0
Curaçao,"45,986",0.0,295,0.0
Aruba,"44,224",0.0,292,0.0
Tanzania,"43,078",0.0,846,0.0
Mauritius,"42,905",0.0,"1,051",0.0
Mayotte,"42,027",0.0,188,0.0
Togo,"39,513",0.0,290,0.0
Guinea,"38,563",0.0,468,0.0
Bahamas,"38,084",0.0,844,0.0
Isle of Man,"38,008",0.0,116,0.0
Lesotho,"34,790",0.0,723,0.0
Faeroe Islands,"34,658",0.0,28,0.0
Haiti,"34,306",0.0,860,0.0
Mali,"33,152",0.0,743,0.0
Cayman Islands,"31,472",0.0,37,0.0
Saint Lucia,"30,052",0.0,409,0.0
Benin,"28,014",0.0,163,0.0
Somalia,"27,334",0.0,"1,361",0.0
Micronesia,"26,530",0.0,65,0.0
Congo,"25,375",0.0,386,0.0
Solomon Islands,"24,575",0.0,153,0.0
San Marino,"24,504",0.0,126,0.0
Timor-Leste,"23,460",0.0,138,0.0
Burkina Faso,"22,056",0.0,396,0.0
Liechtenstein,"21,479",0.0,94,0.0
Gibraltar,"20,550",0.0,113,0.0
Grenada,"19,693",0.0,238,0.0
Bermuda,"18,860",0.0,165,0.0
Nicaragua,"18,491",0.0,225,0.0
South Sudan,"18,368",0.0,138,0.0
Tajikistan,"17,786",0.0,125,0.0
Equatorial Guinea,"17,229",0.0,183,0.0
Monaco,"16,931",0.0,67,0.0
Tonga,"16,821",0.0,13,0.0
Samoa,"16,778",0.0,31,0.0
Macao,"16,716",0.0,123,0.0
Marshall Islands,"16,133",0.0,17,0.0
Dominica,"15,760",0.0,74,0.0
Djibouti,"15,690",0.0,189,0.0
CAR,"15,368",0.0,113,0.0
Gambia,"12,626",0.0,372,0.0
Saint Martin,"12,324",0.0,63,0.0
Vanuatu,"12,019",0.0,14,0.0
Greenland,"11,971",0.0,21,0.0
Yemen,"11,945",0.0,"2,159",0.0
Caribbean Netherlands,"11,682",0.0,38,0.0
Sint Maarten,"11,051",0.0,92,0.0
Eritrea,"10,189",0.0,103,0.0
Niger,"9,931",0.0,312,0.0
St. Vincent Grenadines,"9,631",0.0,124,0.0
Guinea-Bissau,"9,614",0.0,177,0.0
Comoros,"9,109",0.0,161,0.0
Antigua and Barbuda,"9,106",0.0,146,0.0
Liberia,"8,090",0.0,295,0.0
Sierra Leone,"7,762",0.0,126,0.0
Chad,"7,701",0.0,194,0.0
British Virgin Islands,"7,305",0.0,64,0.0
Cook Islands,"7,152",0.0,2,0.0
Turks and Caicos,"6,630",0.0,39,0.0
Saint Kitts and Nevis,"6,607",0.0,48,0.0
Sao Tome and Principe,"6,597",0.0,80,0.0
Palau,"6,234",0.0,9,0.0
St. Barth,"5,507",0.0,6,0.0
Nauru,"5,393",0.0,1,0.0
Kiribati,"5,085",0.0,24,0.0
Anguilla,"3,904",0.0,12,0.0
Wallis and Futuna,"3,550",0.0,8,0.0
Saint Pierre Miquelon,"3,452",0.0,2,0.0
Tuvalu,"2,943",0.0,1,0.0
Saint Helena,"2,166",0.0,0,0.0
Falkland Islands,"1,930",0.0,0,0.0
Montserrat,"1,403",0.0,8,0.0
Niue,887,0.0,0,0.0
Diamond Princess,712,0.0,13,0.0
Tokelau,80,0.0,0,0.0
Vatican City,29,0.0,0,0.0
Western Sahara,10,0.0,1,0.0
MS Zaandam,9,0.0,2,0.0
China,"503,302",0.0,"5,272",0.0
